,timestamp,cluster,personality,mode,sniper_direction,sniper_confidence,approved,forward_return,trade_win,reasons
0,2026-01-08 01:00:00,2,🌀 BARRIDO DE LIQUIDEZ,HIBERNATION,buy,0.7075980356482813,False,0.00029973965469975994,True,Régimen 🌀 BARRIDO DE LIQUIDEZ: Modo HIBERNACIÓN activado
1,2026-01-08 02:00:00,1,📉 TENDENCIA BAJISTA,RUNNER,sell,0.7926226028766257,True,0.00036399919491936217,False,
2,2026-01-08 03:00:00,2,🌀 BARRIDO DE LIQUIDEZ,HIBERNATION,sell,0.6413101053535808,False,0.0004796656045498171,False,Régimen 🌀 BARRIDO DE LIQUIDEZ: Modo HIBERNACIÓN activado
3,2026-01-08 04:00:00,2,🌀 BARRIDO DE LIQUIDEZ,HIBERNATION,buy,0.7880422587821307,False,0.00018835132659278386,True,Régimen 🌀 BARRIDO DE LIQUIDEZ: Modo HIBERNACIÓN activado
4,2026-01-08 05:00:00,2,🌀 BARRIDO DE LIQUIDEZ,HIBERNATION,sell,0.7844057516374546,False,0.0001455466990865073,False,Régimen 🌀 BARRIDO DE LIQUIDEZ: Modo HIBERNACIÓN activado
5,2026-01-08 06:00:00,2,🌀 BARRIDO DE LIQUIDEZ,HIBERNATION,buy,0.7592677405140842,False,-0.00021403376596684787,False,Régimen 🌀 BARRIDO DE LIQUIDEZ: Modo HIBERNACIÓN activado
6,2026-01-08 07:00:00,2,🌀 BARRIDO DE LIQUIDEZ,HIBERNATION,buy,0.7240996614227263,False,-0.0009458591910976866,False,Régimen 🌀 BARRIDO DE LIQUIDEZ: Modo HIBERNACIÓN activado
7,2026-01-08 08:00:00,2,🌀 BARRIDO DE LIQUIDEZ,HIBERNATION,buy,0.6456004603792089,False,-0.00042801623037536096,False,Régimen 🌀 BARRIDO DE LIQUIDEZ: Modo HIBERNACIÓN activado
8,2026-01-08 09:00:00,1,📉 TENDENCIA BAJISTA,RUNNER,sell,0.7065934828733026,True,0.0001712636689814584,False,
9,2026-01-08 10:00:00,1,📉 TENDENCIA BAJISTA,RUNNER,sell,0.6589173373338667,False,0.0005269268171477215,False,Confianza del Sniper (0.66) por debajo del mínimo requerido (0.7)
10,2026-01-08 11:00:00,3,⚖️ NEUTRO (Transición),SNIPER,buy,0.7168262678408458,False,-0.00030830364483436234,False,Confianza del Sniper (0.72) por debajo del mínimo requerido (0.75)
11,2026-01-08 12:00:00,3,⚖️ NEUTRO (Transición),SNIPER,buy,0.5800723880221762,False,-0.0014554919134581734,False,Confianza del Sniper (0.58) por debajo del mínimo requerido (0.75)
12,2026-01-08 13:00:00,2,🌀 BARRIDO DE LIQUIDEZ,HIBERNATION,sell,0.0,False,-0.001113242447078,True,Régimen 🌀 BARRIDO DE LIQUIDEZ: Modo HIBERNACIÓN activado
13,2026-01-08 14:00:00,1,📉 TENDENCIA BAJISTA,RUNNER,sell,0.0,False,-0.0005739642942809153,True,Confianza del Sniper (0.00) por debajo del mínimo requerido (0.7)
14,2026-01-08 15:00:00,1,📉 TENDENCIA BAJISTA,RUNNER,sell,0.7447588789959845,True,-0.0007116583354055406,True,
15,2026-01-08 16:00:00,0,⚖️ NEUTRO (Transición),SNIPER,buy,0.7320352921493786,False,-0.0011830667146752738,False,Confianza del Sniper (0.73) por debajo del mínimo requerido (0.75)
16,2026-01-08 17:00:00,0,⚖️ NEUTRO (Transición),SNIPER,sell,0.41827612097735967,False,-0.0018257403677195416,True,Confianza del Sniper (0.42) por debajo del mínimo requerido (0.75)
17,2026-01-08 18:00:00,1,📉 TENDENCIA BAJISTA,RUNNER,sell,0.8066211754865797,True,-0.0003818234860055725,True,
18,2026-01-08 19:00:00,3,⚖️ NEUTRO (Transición),SNIPER,buy,0.37771301758062503,False,3.4332406358306145e-05,True,Confianza del Sniper (0.38) por debajo del mínimo requerido (0.75)
19,2026-01-08 20:00:00,1,📉 TENDENCIA BAJISTA,RUNNER,sell,0.6636891460190169,False,0.0012537354446466864,False,Confianza del Sniper (0.66) por debajo del mínimo requerido (0.7)
20,2026-01-08 21:00:00,3,⚖️ NEUTRO (Transición),SNIPER,buy,0.6513739933919931,False,0.0007424797105617387,True,Confianza del Sniper (0.65) por debajo del mínimo requerido (0.75)
21,2026-01-08 22:00:00,1,📉 TENDENCIA BAJISTA,RUNNER,sell,0.6531782288436235,False,0.0005965050810217143,False,Confianza del Sniper (0.65) por debajo del mínimo requerido (0.7)
22,2026-01-08 23:00:00,3,⚖️ NEUTRO (Transición),SNIPER,buy,0.7006024880800683,False,-0.000527453301085834,False,Confianza del Sniper (0.70) por debajo del mínimo requerido (0.75)
23,2026-01-09 01:00:00,2,🌀 BARRIDO DE LIQUIDEZ,HIBERNATION,sell,0.8145338501449858,False,-0.0003302410759855601,True,Régimen 🌀 BARRIDO DE LIQUIDEZ: Modo HIBERNACIÓN activado
24,2026-01-09 02:00:00,1,📉 TENDENCIA BAJISTA,RUNNER,sell,0.743365426537865,True,0.00021452506296326668,False,
25,2026-01-09 03:00:00,1,📉 TENDENCIA BAJISTA,RUNNER,sell,0.6404541688521606,False,0.00044209234150138776,False,Confianza del Sniper (0.64) por debajo del mínimo requerido (0.7)
26,2026-01-09 04:00:00,2,🌀 BARRIDO DE LIQUIDEZ,HIBERNATION,buy,0.7364357330224242,False,-0.00026599624173051506,False,Régimen 🌀 BARRIDO DE LIQUIDEZ: Modo HIBERNACIÓN activado
27,2026-01-09 05:00:00,2,🌀 BARRIDO DE LIQUIDEZ,HIBERNATION,sell,0.34675040385224476,False,-0.0006091205072000783,True,Régimen 🌀 BARRIDO DE LIQUIDEZ: Modo HIBERNACIÓN activado
28,2026-01-09 06:00:00,2,🌀 BARRIDO DE LIQUIDEZ,HIBERNATION,sell,0.36787850517375653,False,-0.0003046085994009573,True,Régimen 🌀 BARRIDO DE LIQUIDEZ: Modo HIBERNACIÓN activado
29,2026-01-09 07:00:00,1,📉 TENDENCIA BAJISTA,RUNNER,sell,0.7776147523169646,True,-0.00019740455918704214,True,
30,2026-01-09 08:00:00,1,📉 TENDENCIA BAJISTA,RUNNER,sell,0.6426249238409818,False,-0.0005665698061215751,True,Confianza del Sniper (0.64) por debajo del mínimo requerido (0.7)
31,2026-01-09 09:00:00,3,⚖️ NEUTRO (Transición),SNIPER,buy,0.7723862757437628,True,-0.00033903396777046346,False,
32,2026-01-09 10:00:00,3,⚖️ NEUTRO (Transición),SNIPER,buy,0.7309185342362607,False,-0.0002403660431457011,False,Confianza del Sniper (0.73) por debajo del mínimo requerido (0.75)
33,2026-01-09 11:00:00,1,📉 TENDENCIA BAJISTA,RUNNER,sell,0.7201164748393096,True,-9.018720286535498e-05,True,
34,2026-01-09 12:00:00,3,⚖️ NEUTRO (Transición),SNIPER,buy,0.813579066561697,True,-0.0001287907408041855,False,
35,2026-01-09 13:00:00,3,⚖️ NEUTRO (Transición),SNIPER,buy,0.6532885560787474,False,-0.0008157237186697808,False,Confianza del Sniper (0.65) por debajo del mínimo requerido (0.75)
36,2026-01-09 14:00:00,1,📉 TENDENCIA BAJISTA,RUNNER,sell,0.7585364905018539,True,-6.87202570136547e-05,True,
37,2026-01-09 15:00:00,0,⚖️ NEUTRO (Transición),SNIPER,buy,0.5800000000000456,False,-0.001030458639966425,False,Confianza del Sniper (0.58) por debajo del mínimo requerido (0.75)
38,2026-01-09 16:00:00,0,⚖️ NEUTRO (Transición),SNIPER,sell,0.9859193866198288,True,-0.0004210851967068052,True,
39,2026-01-09 17:00:00,0,⚖️ NEUTRO (Transición),SNIPER,buy,0.8711513702660545,True,-0.000566981083449436,False,
40,2026-01-09 18:00:00,1,📉 TENDENCIA BAJISTA,RUNNER,sell,0.6023057920255674,False,0.00012034418436734917,False,Confianza del Sniper (0.60) por debajo del mínimo requerido (0.7)
