timestamp,symbol,session,volatility,liquidity,trend_strength,momentum_3h,momentum_6h,divergence,volume_delta,market_state,sentinel_probability,sentinel_direction,sentinel_confidence,council_approved,council_veto_reason,council_score,meta_utility,meta_threshold,meta_risk_pct,meta_sl_atr,meta_tp_atr,meta_market_state,meta_system_state,meta_hibernation,system_drawdown,system_win_rate_24h,system_latency_ms,system_consecutive_losses,trade_opened,trade_closed,trade_pnl,trade_r_multiple,trade_mae,trade_mfe,trade_duration_minutes
2026-06-01T00:00:00,EURUSD,asia,0.003737,0.4714,-0.7209,-0.0159,0.01444,0.0454,180.99,trending_bull,0.4473,neutral,0.4421,False,low_probability,0.5054,0.0265,0.4597,1.47,2.09,2.05,trending_bull,hibernation,True,15.18,30.29,403.88,5,False,False,0.0,0.0,0.0,0.0,0.0
2026-06-01T01:00:00,XAUUSD,london,0.004795,0.5356,-0.8145,-0.016131,0.02085,0.1037,614.26,volatile,0.6367,sell,0.9325,True,,0.3785,0.9147,0.5856,1.79,2.15,3.26,volatile,active,False,9.92,64.79,492.68,1,True,True,-19.7,-1.97,-2.2,0.42,103.19
2026-06-01T02:00:00,GBPUSD,london,0.003387,0.7913,0.3671,-0.017144,0.008099,0.0341,-510.38,volatile,0.4107,neutral,0.9432,False,low_probability,0.64,0.5569,0.6054,1.76,2.55,2.07,volatile,active,False,12.08,48.05,37.76,4,False,False,0.0,0.0,0.0,0.0,0.0
2026-06-01T03:00:00,GBPUSD,london,0.003315,0.5769,0.8291,-0.001646,-0.014107,-0.2534,122.74,ranging,0.7057,buy,0.5785,True,,0.5835,0.9987,0.4415,1.24,2.51,3.65,ranging,monitoring,False,9.41,65.64,213.97,0,True,True,19.9,1.99,-0.27,1.35,278.95
2026-06-01T04:00:00,EURUSD,asia,0.003444,0.6759,-0.4663,0.005638,-0.023307,-0.0652,-92.55,ranging,0.6281,sell,0.7953,True,,0.5077,0.8127,0.6525,1.26,1.4,2.43,ranging,monitoring,False,8.09,65.04,267.53,0,True,True,-16.8,-1.68,-1.48,0.18,473.39
2026-06-01T05:00:00,GBPUSD,london,0.000384,0.9146,0.8939,-0.016574,-0.000841,-0.4308,521.2,trending_bear,0.5461,buy,0.6089,False,low_probability,0.5498,0.2651,0.6617,1.13,1.42,2.85,trending_bear,monitoring,False,10.69,47.95,337.49,2,False,False,0.0,0.0,0.0,0.0,0.0
2026-06-01T06:00:00,USDJPY,overlap,0.000694,0.4573,-0.3238,0.003532,-0.016193,-0.2798,-858.01,trending_bull,0.3482,neutral,0.8885,False,low_probability,0.8596,0.0709,0.4714,1.5,1.43,1.83,trending_bull,cooling,False,3.64,51.28,206.49,0,False,False,0.0,0.0,0.0,0.0,0.0
2026-06-01T07:00:00,EURUSD,overlap,0.001838,0.5878,0.7277,-0.017833,0.009207,0.1462,-878.77,ranging,0.6813,buy,0.371,True,,0.1916,0.5701,0.455,1.19,2.75,1.69,ranging,active,False,0.76,74.97,418.83,0,True,True,-7.1,-0.71,-0.65,0.24,126.19
2026-06-01T08:00:00,USDJPY,asia,0.000908,0.3015,-0.2192,0.017061,0.017108,-0.2148,393.18,low_volatility,0.4362,neutral,0.6163,False,low_probability,0.1899,0.2177,0.4175,1.6,1.12,2.28,low_volatility,active,False,8.76,52.63,427.1,1,False,False,0.0,0.0,0.0,0.0,0.0
2026-06-01T09:00:00,EURUSD,asia,0.004276,0.348,-0.8641,0.014473,-0.005773,0.4416,139.35,low_volatility,0.674,sell,0.7026,True,,0.4192,0.7614,0.6804,0.81,2.43,2.1,low_volatility,cooling,False,1.96,59.05,231.33,0,True,True,20.5,2.05,-0.22,1.17,271.94
2026-06-01T10:00:00,BTCUSD,ny,0.00075,0.5443,-0.8624,-0.010229,-0.012901,-0.0618,86.44,ranging,0.6785,sell,0.9417,True,,0.654,0.9086,0.4898,1.5,2.88,1.84,ranging,active,False,13.35,63.41,81.95,2,True,True,-10.6,-1.06,-1.0,0.32,148.79
2026-06-01T11:00:00,USDJPY,ny,0.004541,0.8923,-0.8154,-0.003057,-0.013399,-0.4965,542.24,ranging,0.5246,sell,0.5872,False,low_probability,0.7057,0.5609,0.4336,1.92,2.38,1.87,ranging,active,False,12.52,56.21,78.31,1,False,False,0.0,0.0,0.0,0.0,0.0
2026-06-01T12:00:00,EURUSD,ny,0.001889,0.9532,0.9444,-0.018404,-0.008531,0.1821,333.87,ranging,0.7618,buy,0.8747,True,,0.4064,0.5773,0.679,1.8,2.95,3.53,ranging,cooling,False,0.37,63.15,169.43,3,False,False,0.0,0.0,0.0,0.0,0.0
2026-06-01T13:00:00,XAUUSD,ny,0.000881,0.7909,-0.2349,-0.018451,-0.001759,-0.3004,836.9,ranging,0.3355,neutral,0.817,False,low_probability,0.2276,0.0237,0.4579,0.99,2.73,3.92,ranging,hibernation,True,13.63,52.92,341.36,3,False,False,0.0,0.0,0.0,0.0,0.0
2026-06-01T14:00:00,EURUSD,ny,0.000976,0.9738,-0.4691,-0.015664,-0.003926,0.2285,-372.65,low_volatility,0.6329,sell,0.3752,True,,0.8995,0.5222,0.5308,1.28,2.61,3.22,low_volatility,monitoring,False,5.46,33.15,333.8,2,False,False,0.0,0.0,0.0,0.0,0.0
2026-06-01T15:00:00,BTCUSD,ny,0.003354,0.3872,0.8001,0.000285,0.010014,-0.1738,394.42,low_volatility,0.5082,buy,0.5733,False,low_probability,0.9404,0.6773,0.6708,1.42,1.6,2.87,low_volatility,active,False,4.56,39.46,393.95,4,False,False,0.0,0.0,0.0,0.0,0.0
2026-06-01T16:00:00,GBPUSD,overlap,0.002267,0.7729,0.0223,0.011749,0.02759,0.236,317.7,ranging,0.3136,neutral,0.7114,False,low_probability,0.3352,0.8184,0.6253,1.51,1.45,2.0,ranging,active,False,0.69,74.28,307.58,0,False,False,0.0,0.0,0.0,0.0,0.0
2026-06-01T17:00:00,USDJPY,overlap,0.004447,0.703,0.4367,-0.004641,-0.006021,-0.3524,375.24,trending_bull,0.5582,buy,0.4422,True,,0.8041,0.7323,0.5672,1.88,1.24,1.83,trending_bull,cooling,False,10.01,74.46,299.75,3,True,True,-10.6,-1.06,-1.22,0.42,276.54
2026-06-01T18:00:00,XAUUSD,overlap,0.002308,0.8262,0.6797,-0.008908,0.01666,-0.0154,-521.51,volatile,0.4451,neutral,0.4857,False,low_probability,0.2717,0.3197,0.562,0.71,1.46,3.23,volatile,monitoring,False,0.96,48.34,273.59,3,False,False,0.0,0.0,0.0,0.0,0.0
2026-06-01T19:00:00,EURUSD,london,0.004185,0.5726,0.5396,0.017842,-0.028828,0.3807,151.38,volatile,0.3676,neutral,0.5286,False,low_probability,0.7535,0.8534,0.686,1.13,2.5,2.87,volatile,monitoring,False,7.32,42.28,245.39,3,False,False,0.0,0.0,0.0,0.0,0.0
2026-06-01T20:00:00,GBPUSD,overlap,0.003652,0.8884,0.8391,0.019229,0.002047,0.4069,183.79,trending_bull,0.5108,buy,0.5786,False,low_probability,0.8669,0.1817,0.478,0.99,1.91,2.34,trending_bull,cooling,False,4.17,72.8,213.67,0,False,False,0.0,0.0,0.0,0.0,0.0
2026-06-01T21:00:00,USDJPY,asia,0.003774,0.3365,0.9038,-0.011031,-0.025883,0.4573,-919.48,trending_bull,0.7964,buy,0.4296,True,,0.0204,0.5631,0.6008,1.35,1.44,3.25,trending_bull,hibernation,True,21.22,57.33,375.22,4,False,False,0.0,0.0,0.0,0.0,0.0
2026-06-01T22:00:00,GBPUSD,asia,0.002938,0.9502,0.1516,0.016321,-0.007482,0.4415,-603.34,low_volatility,0.4178,neutral,0.7077,False,low_probability,0.1019,0.7725,0.6551,1.4,1.24,3.96,low_volatility,active,False,5.21,49.28,188.43,4,False,False,0.0,0.0,0.0,0.0,0.0
2026-06-01T23:00:00,GBPUSD,asia,0.004267,0.8756,-0.7889,0.018432,0.008135,0.3287,414.62,volatile,0.5184,sell,0.6391,False,low_probability,0.6505,0.6159,0.6759,1.66,1.93,3.56,volatile,hibernation,True,22.99,41.05,467.64,4,False,False,0.0,0.0,0.0,0.0,0.0
2026-06-02T00:00:00,USDJPY,overlap,0.00175,0.646,-0.35,-0.000498,-0.008711,-0.2416,-440.68,low_volatility,0.5004,sell,0.4796,False,low_probability,0.0102,0.9481,0.4257,1.58,1.98,3.4,low_volatility,cooling,False,9.69,52.09,397.5,0,False,False,0.0,0.0,0.0,0.0,0.0
2026-06-02T01:00:00,GBPUSD,london,0.002084,0.4703,0.3279,-0.005239,0.003208,-0.1562,993.26,low_volatility,0.3804,neutral,0.7569,False,low_probability,0.2709,0.2514,0.4362,0.79,1.24,2.84,low_volatility,monitoring,False,2.87,63.24,141.87,4,False,False,0.0,0.0,0.0,0.0,0.0
2026-06-02T02:00:00,BTCUSD,ny,0.004909,0.8828,-0.4075,-0.005565,-0.011864,0.208,-746.83,trending_bull,0.6053,sell,0.6597,True,,0.6974,0.9342,0.5473,1.81,2.15,2.67,trending_bull,cooling,False,5.11,73.45,129.98,3,True,True,6.6,0.66,-0.25,0.6,338.9
2026-06-02T03:00:00,XAUUSD,london,0.004079,0.9644,-0.8296,-0.010072,0.003484,-0.0838,192.25,low_volatility,0.5495,sell,0.6397,False,low_probability,0.4505,0.4427,0.658,1.99,1.61,3.05,low_volatility,active,False,14.21,39.35,109.46,5,False,False,0.0,0.0,0.0,0.0,0.0
2026-06-02T04:00:00,EURUSD,london,0.001277,0.6864,-0.6869,-0.003659,0.011362,-0.0301,-934.72,ranging,0.6368,sell,0.7569,True,,0.454,0.962,0.6363,1.44,2.32,3.83,ranging,cooling,False,1.72,40.12,78.75,2,True,True,-28.1,-2.81,-2.57,0.15,367.03
2026-06-02T05:00:00,BTCUSD,ny,0.002254,0.6281,-0.3918,-0.0039,-0.013665,0.04,-124.48,low_volatility,0.3187,neutral,0.5808,False,low_probability,0.3223,0.2504,0.4274,1.94,2.67,2.94,low_volatility,active,False,14.99,60.25,138.41,0,False,False,0.0,0.0,0.0,0.0,0.0
2026-06-02T06:00:00,XAUUSD,overlap,0.002646,0.6096,-0.4437,0.019878,-0.003847,0.3142,938.11,volatile,0.4319,neutral,0.5167,False,low_probability,0.6701,0.8577,0.4989,1.54,1.58,3.86,volatile,active,False,6.82,44.15,165.02,3,False,False,0.0,0.0,0.0,0.0,0.0
2026-06-02T07:00:00,BTCUSD,asia,0.003326,0.6798,-0.1735,-0.012497,-0.008293,0.2564,250.82,trending_bull,0.2805,neutral,0.657,False,low_probability,0.9277,0.4381,0.6095,0.68,2.95,3.02,trending_bull,monitoring,False,10.65,43.98,11.77,3,False,False,0.0,0.0,0.0,0.0,0.0
2026-06-02T08:00:00,EURUSD,london,0.004967,0.9391,-0.0771,-0.015301,0.019929,-0.0016,433.21,low_volatility,0.3925,neutral,0.5701,False,low_probability,0.4825,0.4722,0.537,0.72,1.38,3.0,low_volatility,monitoring,False,12.96,42.43,396.05,3,False,False,0.0,0.0,0.0,0.0,0.0
2026-06-02T09:00:00,GBPUSD,ny,0.004125,0.498,-0.4029,0.003478,0.029934,-0.0104,-702.81,low_volatility,0.4565,neutral,0.5161,False,low_probability,0.7629,0.3772,0.6799,1.8,2.96,2.1,low_volatility,cooling,False,3.5,64.9,26.61,5,False,False,0.0,0.0,0.0,0.0,0.0
2026-06-02T10:00:00,USDJPY,overlap,0.001994,0.7646,0.6415,0.019233,-0.00028,-0.463,4.58,low_volatility,0.5062,buy,0.3652,False,low_probability,0.845,0.0997,0.6731,0.52,1.29,3.68,low_volatility,monitoring,False,1.12,65.17,136.19,4,False,False,0.0,0.0,0.0,0.0,0.0
2026-06-02T11:00:00,USDJPY,asia,0.004278,0.8966,0.7187,-0.0048,-0.011,0.2187,518.8,low_volatility,0.4482,neutral,0.3445,False,low_probability,0.6312,0.9209,0.6992,1.62,1.87,1.75,low_volatility,active,False,6.66,61.23,452.19,0,False,False,0.0,0.0,0.0,0.0,0.0
2026-06-02T12:00:00,GBPUSD,asia,0.001539,0.5624,-0.7089,0.001247,0.003956,0.2925,-660.03,trending_bull,0.6164,sell,0.5487,True,,0.6831,0.7916,0.4697,1.46,1.92,3.17,trending_bull,cooling,False,13.52,60.49,83.2,3,True,True,-3.3,-0.33,-0.33,0.48,340.64
2026-06-02T13:00:00,USDJPY,ny,0.001077,0.5693,-0.0336,-0.010512,0.004315,0.0748,985.38,ranging,0.17,neutral,0.8395,False,low_probability,0.3958,0.0081,0.6595,1.67,2.95,3.78,ranging,cooling,False,12.49,70.63,388.99,1,False,False,0.0,0.0,0.0,0.0,0.0
2026-06-02T14:00:00,BTCUSD,ny,0.001174,0.4331,-0.4987,0.010223,0.016048,0.1809,-726.44,trending_bull,0.6205,sell,0.7201,True,,0.3089,0.7898,0.6197,0.64,1.59,3.37,trending_bull,monitoring,False,3.01,65.39,438.85,2,True,True,27.8,2.78,-0.08,1.89,401.11
2026-06-02T15:00:00,USDJPY,ny,0.003762,0.5371,-0.7697,0.018516,-0.021555,0.4665,720.28,volatile,0.7481,sell,0.823,True,,0.3658,0.507,0.561,1.18,2.35,3.18,volatile,cooling,False,12.34,72.31,58.63,1,False,False,0.0,0.0,0.0,0.0,0.0
2026-06-02T16:00:00,USDJPY,asia,0.003139,0.9602,-0.344,0.004403,0.008859,0.1354,-71.46,ranging,0.4824,neutral,0.3758,False,low_probability,0.0453,0.0372,0.6988,0.67,1.47,2.84,ranging,cooling,False,6.8,60.17,372.85,4,False,False,0.0,0.0,0.0,0.0,0.0
2026-06-02T17:00:00,USDJPY,london,0.004443,0.7584,0.6674,0.004626,0.026343,-0.2203,380.56,trending_bear,0.55,buy,0.9179,False,low_probability,0.8555,0.0994,0.6057,1.32,2.96,2.4,trending_bear,cooling,False,4.14,73.57,474.76,3,False,False,0.0,0.0,0.0,0.0,0.0
2026-06-02T18:00:00,EURUSD,london,0.003248,0.718,-0.9573,0.011472,-0.015386,-0.3741,129.16,trending_bull,0.7819,sell,0.6602,True,,0.5864,0.6165,0.6323,1.68,2.19,2.19,trending_bull,monitoring,False,14.81,54.31,400.26,0,False,False,0.0,0.0,0.0,0.0,0.0
2026-06-02T19:00:00,EURUSD,london,0.000173,0.853,-0.5241,-0.007049,-0.019545,-0.4476,483.44,low_volatility,0.3937,neutral,0.3413,False,low_probability,0.4483,0.362,0.5781,1.18,1.44,3.04,low_volatility,hibernation,True,22.4,73.38,35.11,6,False,False,0.0,0.0,0.0,0.0,0.0
2026-06-02T20:00:00,EURUSD,overlap,0.003594,0.6105,0.7985,-0.007116,-0.0211,-0.3738,248.63,low_volatility,0.6339,buy,0.5114,True,,0.9946,0.7269,0.5816,0.65,2.4,3.63,low_volatility,monitoring,False,6.45,69.96,209.84,3,True,True,23.2,2.32,-0.34,1.67,144.7
2026-06-02T21:00:00,XAUUSD,overlap,0.000429,0.8822,-0.8135,-0.016137,0.014328,0.3118,112.74,low_volatility,0.7624,sell,0.6651,True,,0.67,0.9368,0.6823,1.13,2.83,1.63,low_volatility,hibernation,True,10.63,45.82,291.07,6,False,False,0.0,0.0,0.0,0.0,0.0
2026-06-02T22:00:00,XAUUSD,asia,0.001817,0.6894,-0.7702,-0.008857,-0.01643,-0.0709,121.93,low_volatility,0.6422,sell,0.7178,True,,0.0263,0.9147,0.4802,0.77,2.41,2.27,low_volatility,hibernation,True,14.81,38.16,75.91,4,False,False,0.0,0.0,0.0,0.0,0.0
2026-06-02T23:00:00,EURUSD,asia,0.00376,0.4506,-0.1603,-0.006364,-0.007797,0.2216,553.67,low_volatility,0.393,neutral,0.8742,False,low_probability,0.1556,0.7544,0.4149,0.62,1.89,2.56,low_volatility,cooling,False,6.21,39.7,258.61,2,False,False,0.0,0.0,0.0,0.0,0.0
2026-06-03T00:00:00,USDJPY,asia,0.001489,0.7749,-0.0267,0.006685,-0.027275,-0.1047,198.65,trending_bull,0.222,neutral,0.9145,False,low_probability,0.7673,0.7642,0.4868,0.68,1.99,2.58,trending_bull,monitoring,False,5.7,61.67,252.63,5,False,False,0.0,0.0,0.0,0.0,0.0
2026-06-03T01:00:00,GBPUSD,asia,0.002048,0.8194,-0.1276,-0.00161,-0.025328,-0.1869,-141.43,volatile,0.4139,neutral,0.5715,False,low_probability,0.1152,0.0209,0.4974,1.7,2.24,3.58,volatile,hibernation,True,14.81,68.0,125.44,3,False,False,0.0,0.0,0.0,0.0,0.0
2026-06-03T02:00:00,USDJPY,ny,0.003758,0.4551,0.5582,-0.016945,0.007993,0.0306,-612.19,ranging,0.4786,neutral,0.9228,False,low_probability,0.6454,0.1477,0.4308,0.88,1.35,1.88,ranging,active,False,2.66,64.78,249.59,4,False,False,0.0,0.0,0.0,0.0,0.0
2026-06-03T03:00:00,BTCUSD,overlap,0.003441,0.9174,0.286,0.019461,-0.010608,0.471,-367.72,volatile,0.2849,neutral,0.5874,False,low_probability,0.3028,0.2747,0.4169,1.26,1.62,2.63,volatile,active,False,5.53,42.92,324.11,0,False,False,0.0,0.0,0.0,0.0,0.0
2026-06-03T04:00:00,BTCUSD,overlap,0.00237,0.688,0.5836,0.015835,-0.003016,0.3098,303.67,ranging,0.5649,buy,0.6259,True,,0.9577,0.9055,0.6512,1.97,1.17,3.12,ranging,active,False,3.72,49.7,222.51,4,True,True,-20.2,-2.02,-2.91,0.19,378.51
2026-06-03T05:00:00,BTCUSD,asia,0.003971,0.7531,-0.8682,-0.01622,0.010703,-0.2159,447.47,low_volatility,0.7593,sell,0.5167,True,,0.5827,0.6749,0.6903,1.55,1.78,2.99,low_volatility,active,False,4.64,46.95,396.87,1,False,False,0.0,0.0,0.0,0.0,0.0
2026-06-03T06:00:00,BTCUSD,asia,0.003269,0.5964,-0.2763,-0.005496,-0.019184,-0.2858,895.34,volatile,0.3181,neutral,0.95,False,low_probability,0.1549,0.2958,0.6364,1.26,2.08,3.35,volatile,active,False,9.93,69.44,310.93,4,False,False,0.0,0.0,0.0,0.0,0.0
2026-06-03T07:00:00,USDJPY,london,0.000896,0.8819,0.5422,0.012362,-0.020068,-0.0623,-178.28,trending_bear,0.6578,buy,0.6969,True,,0.7524,0.617,0.4718,1.95,2.57,3.76,trending_bear,monitoring,False,5.52,72.62,492.3,3,True,True,-9.0,-0.9,-1.04,0.21,102.93
2026-06-03T08:00:00,XAUUSD,london,0.004382,0.3365,-0.0388,-0.005152,0.026058,0.2114,31.82,trending_bull,0.251,neutral,0.796,False,low_probability,0.2728,0.9053,0.4442,1.16,2.89,2.06,trending_bull,cooling,False,13.27,71.87,210.37,3,False,False,0.0,0.0,0.0,0.0,0.0
2026-06-03T09:00:00,BTCUSD,ny,0.001257,0.9962,-0.2502,-0.018872,0.02585,0.3392,299.92,trending_bear,0.2914,neutral,0.4865,False,low_probability,0.8298,0.6961,0.4416,1.56,1.9,1.51,trending_bear,active,False,0.29,39.7,79.01,5,False,False,0.0,0.0,0.0,0.0,0.0
2026-06-03T10:00:00,BTCUSD,overlap,0.000645,0.5017,-0.3977,-0.01809,-0.00481,0.2939,-85.77,trending_bull,0.5601,sell,0.6249,True,,0.5361,0.7875,0.6156,0.94,1.0,2.38,trending_bull,cooling,False,2.81,60.07,264.12,2,True,True,18.2,1.82,-0.25,2.17,279.37
2026-06-03T11:00:00,USDJPY,overlap,0.000314,0.5708,-0.2534,0.009893,-0.008574,-0.4324,-517.75,trending_bull,0.4828,neutral,0.7779,False,low_probability,0.3325,0.0443,0.5638,1.72,1.35,3.45,trending_bull,cooling,False,14.71,51.53,95.23,1,False,False,0.0,0.0,0.0,0.0,0.0
2026-06-03T12:00:00,EURUSD,overlap,0.000282,0.4411,0.5822,0.015432,-0.011064,-0.1899,-203.55,low_volatility,0.5249,buy,0.3238,False,low_probability,0.6469,0.2861,0.6586,0.57,2.31,2.18,low_volatility,hibernation,True,13.76,48.0,222.67,4,False,False,0.0,0.0,0.0,0.0,0.0
2026-06-03T13:00:00,USDJPY,overlap,0.001902,0.8581,-0.4666,-0.016696,-0.00453,-0.0694,990.2,trending_bear,0.5003,sell,0.5088,False,low_probability,0.0801,0.6609,0.4919,1.4,1.85,3.22,trending_bear,hibernation,True,24.97,62.71,456.25,5,False,False,0.0,0.0,0.0,0.0,0.0
2026-06-03T14:00:00,EURUSD,asia,0.003392,0.5843,0.0262,0.009996,-0.020401,-0.4689,697.34,volatile,0.1709,neutral,0.3437,False,low_probability,0.7785,0.3663,0.5149,1.35,2.21,3.2,volatile,hibernation,True,14.24,64.34,289.09,5,False,False,0.0,0.0,0.0,0.0,0.0
2026-06-03T15:00:00,GBPUSD,london,0.004811,0.3181,-0.6279,0.00071,0.024813,-0.3822,549.93,volatile,0.4655,neutral,0.6977,False,low_probability,0.694,0.9986,0.4601,0.7,1.15,1.93,volatile,cooling,False,14.96,66.47,483.94,2,False,False,0.0,0.0,0.0,0.0,0.0
2026-06-03T16:00:00,GBPUSD,asia,0.002798,0.5033,-0.4001,-0.0137,0.012574,0.2002,-651.82,ranging,0.4627,neutral,0.3789,False,low_probability,0.201,0.1389,0.6371,0.54,2.11,2.42,ranging,monitoring,False,9.18,33.88,158.1,5,False,False,0.0,0.0,0.0,0.0,0.0
2026-06-03T17:00:00,USDJPY,overlap,0.003873,0.8763,-0.8525,0.018895,0.00854,-0.05,360.22,ranging,0.5295,sell,0.8389,False,low_probability,0.5513,0.5878,0.6303,0.69,2.01,3.67,ranging,active,False,7.77,43.69,85.17,5,False,False,0.0,0.0,0.0,0.0,0.0
2026-06-03T18:00:00,XAUUSD,ny,0.004747,0.6632,-0.4319,-0.016846,-0.018222,0.4564,-451.1,ranging,0.5071,sell,0.3607,False,low_probability,0.641,0.5918,0.5742,0.76,2.25,3.76,ranging,hibernation,True,9.38,55.36,413.49,8,False,False,0.0,0.0,0.0,0.0,0.0
2026-06-03T19:00:00,BTCUSD,ny,0.003294,0.8369,-0.1668,0.00556,-0.000118,0.1272,-420.66,ranging,0.3616,neutral,0.823,False,low_probability,0.685,0.2974,0.4219,0.59,1.88,2.71,ranging,monitoring,False,5.1,36.47,431.44,2,False,False,0.0,0.0,0.0,0.0,0.0
2026-06-03T20:00:00,GBPUSD,overlap,0.000741,0.5594,0.1233,-0.007235,-0.002012,-0.2325,-504.16,trending_bull,0.2145,neutral,0.9145,False,low_probability,0.8642,0.4181,0.6888,1.85,2.63,3.83,trending_bull,hibernation,True,16.48,37.17,498.0,5,False,False,0.0,0.0,0.0,0.0,0.0
2026-06-03T21:00:00,USDJPY,asia,0.000542,0.5753,-0.0855,-0.010371,0.005001,-0.4513,-437.29,low_volatility,0.4489,neutral,0.7253,False,low_probability,0.4706,0.5367,0.6542,1.15,2.76,3.32,low_volatility,cooling,False,5.49,48.03,287.29,1,False,False,0.0,0.0,0.0,0.0,0.0
2026-06-03T22:00:00,GBPUSD,ny,0.000461,0.653,0.5288,-0.008811,0.029345,0.1804,-762.38,trending_bull,0.4797,neutral,0.8167,False,low_probability,0.3391,0.9389,0.6265,0.8,2.02,2.75,trending_bull,active,False,0.58,62.11,402.96,4,False,False,0.0,0.0,0.0,0.0,0.0
2026-06-03T23:00:00,USDJPY,london,0.003074,0.6609,-0.3441,0.004523,-0.02025,0.4906,478.64,ranging,0.4658,neutral,0.6298,False,low_probability,0.5097,0.4898,0.5689,1.21,1.03,2.33,ranging,active,False,14.7,56.27,399.39,5,False,False,0.0,0.0,0.0,0.0,0.0
2026-06-04T00:00:00,EURUSD,overlap,0.001403,0.7589,0.9441,0.003139,-0.016347,-0.4486,-39.1,low_volatility,0.7163,buy,0.7028,True,,0.8412,0.8404,0.4095,1.92,1.22,1.55,low_volatility,hibernation,True,21.17,48.58,105.93,6,False,False,0.0,0.0,0.0,0.0,0.0
2026-06-04T01:00:00,EURUSD,london,0.002644,0.6926,0.9962,-0.000865,-0.007391,0.4567,-80.67,low_volatility,0.6512,buy,0.5303,True,,0.772,0.8217,0.608,1.42,1.38,2.12,low_volatility,hibernation,True,19.98,73.78,152.32,8,False,False,0.0,0.0,0.0,0.0,0.0
2026-06-04T02:00:00,USDJPY,ny,0.002453,0.6923,0.869,0.008867,-0.012733,0.0735,86.38,volatile,0.7431,buy,0.9205,True,,0.8046,0.6438,0.6142,1.02,1.88,2.14,volatile,cooling,False,3.21,67.26,139.21,4,True,True,-26.3,-2.63,-3.24,0.29,139.11
2026-06-04T03:00:00,BTCUSD,london,0.003229,0.3367,-0.1734,0.008694,-0.023967,0.2708,-989.64,low_volatility,0.5127,sell,0.4027,False,low_probability,0.6529,0.8806,0.5427,1.48,2.51,2.22,low_volatility,hibernation,True,11.95,70.86,49.28,8,False,False,0.0,0.0,0.0,0.0,0.0
2026-06-04T04:00:00,EURUSD,london,0.00215,0.8863,0.8678,-0.018546,0.020172,0.288,-627.38,ranging,0.7601,buy,0.306,True,,0.568,0.9915,0.4854,1.98,2.09,2.73,ranging,monitoring,False,12.77,51.06,100.44,0,True,True,23.3,2.33,-0.18,2.34,36.34
2026-06-04T05:00:00,GBPUSD,ny,0.002885,0.8301,-0.649,0.014246,0.023823,0.327,30.56,trending_bull,0.5298,sell,0.362,False,low_probability,0.9817,0.4775,0.6807,0.51,1.77,2.62,trending_bull,hibernation,True,12.45,43.59,362.83,5,False,False,0.0,0.0,0.0,0.0,0.0
2026-06-04T06:00:00,XAUUSD,asia,0.003376,0.6258,-0.6806,0.007443,0.025386,0.3878,539.68,trending_bull,0.6139,sell,0.9114,True,,0.3675,0.9787,0.5435,1.18,2.98,2.43,trending_bull,cooling,False,11.36,66.09,413.67,1,True,True,-13.9,-1.39,-1.88,0.26,267.68
2026-06-04T07:00:00,GBPUSD,asia,0.004599,0.3785,0.6575,0.016116,-0.017871,0.0367,-670.93,low_volatility,0.5456,buy,0.7422,False,low_probability,0.7169,0.4888,0.6697,1.17,1.11,1.83,low_volatility,cooling,False,6.85,32.6,233.88,2,False,False,0.0,0.0,0.0,0.0,0.0
2026-06-04T08:00:00,EURUSD,overlap,0.001348,0.3021,-0.5642,-0.017079,-0.004578,0.2004,82.33,trending_bull,0.6561,sell,0.3449,True,,0.9338,0.7044,0.6307,1.65,2.96,3.11,trending_bull,cooling,False,5.62,70.11,227.03,3,True,True,22.1,2.21,-0.17,1.94,324.09
2026-06-04T09:00:00,GBPUSD,asia,0.000975,0.6761,0.0577,0.009114,-0.016639,-0.4965,-954.53,ranging,0.312,neutral,0.7674,False,low_probability,0.4241,0.3793,0.4689,1.19,1.31,1.97,ranging,active,False,0.48,59.71,309.39,0,False,False,0.0,0.0,0.0,0.0,0.0
2026-06-04T10:00:00,XAUUSD,london,0.00043,0.7158,-0.1071,0.006881,0.022333,-0.2553,-911.53,volatile,0.2631,neutral,0.4412,False,low_probability,0.8637,0.0564,0.5512,0.93,2.63,3.33,volatile,hibernation,True,13.13,64.76,410.1,4,False,False,0.0,0.0,0.0,0.0,0.0
2026-06-04T11:00:00,BTCUSD,london,0.002129,0.4926,0.1134,0.003667,0.014113,-0.3249,357.5,low_volatility,0.344,neutral,0.932,False,low_probability,0.9416,0.6713,0.6357,0.98,1.83,1.87,low_volatility,cooling,False,2.76,54.21,124.28,1,False,False,0.0,0.0,0.0,0.0,0.0
2026-06-04T12:00:00,GBPUSD,london,0.004052,0.9403,0.1248,0.018711,0.003437,-0.3659,-514.28,trending_bear,0.299,neutral,0.3514,False,low_probability,0.4498,0.3711,0.5607,1.74,1.1,2.44,trending_bear,active,False,13.1,38.47,382.04,5,False,False,0.0,0.0,0.0,0.0,0.0
2026-06-04T13:00:00,BTCUSD,london,0.002451,0.9086,-0.3341,0.018281,-0.02908,0.4372,924.16,trending_bull,0.5077,sell,0.7903,False,low_probability,0.9144,0.6956,0.6111,1.09,1.48,2.3,trending_bull,hibernation,True,14.11,54.01,182.83,6,False,False,0.0,0.0,0.0,0.0,0.0
2026-06-04T14:00:00,USDJPY,asia,0.004038,0.8057,0.5233,-0.007191,-0.017812,-0.1871,-908.57,trending_bear,0.5817,buy,0.3105,True,,0.5533,0.86,0.4886,0.79,1.46,2.92,trending_bear,monitoring,False,7.49,59.46,344.0,2,True,True,-16.8,-1.68,-2.19,0.37,237.37
2026-06-04T15:00:00,GBPUSD,london,0.000787,0.6826,-0.6319,0.015575,0.029419,0.4572,47.89,trending_bull,0.6863,sell,0.7343,True,,0.7643,0.9213,0.4694,1.56,1.02,2.76,trending_bull,hibernation,True,19.21,58.7,467.28,3,False,False,0.0,0.0,0.0,0.0,0.0
2026-06-04T16:00:00,EURUSD,overlap,0.000158,0.6706,-0.4505,0.019099,-0.028971,0.3132,348.07,trending_bear,0.3623,neutral,0.3626,False,low_probability,0.1489,0.1919,0.5579,1.72,1.53,2.49,trending_bear,hibernation,True,11.84,50.65,125.39,8,False,False,0.0,0.0,0.0,0.0,0.0
2026-06-04T17:00:00,EURUSD,asia,0.000559,0.5655,0.1054,-0.017755,-0.029433,-0.3286,-0.28,volatile,0.3856,neutral,0.5153,False,low_probability,0.9773,0.9738,0.6684,1.88,1.46,3.75,volatile,cooling,False,4.07,71.59,343.79,2,False,False,0.0,0.0,0.0,0.0,0.0
2026-06-04T18:00:00,BTCUSD,asia,0.00098,0.8953,-0.9687,-0.011714,-0.021349,0.3207,641.8,trending_bull,0.6273,sell,0.6666,True,,0.5667,0.8385,0.5622,1.08,2.48,3.48,trending_bull,active,False,7.51,73.84,31.58,3,True,True,6.9,0.69,-0.2,0.64,298.02
2026-06-04T19:00:00,GBPUSD,asia,0.00321,0.8485,-0.0989,-0.010874,0.003182,-0.1246,-628.52,low_volatility,0.3878,neutral,0.3557,False,low_probability,0.6186,0.7981,0.6139,0.62,1.31,3.28,low_volatility,monitoring,False,11.09,44.25,57.74,0,False,False,0.0,0.0,0.0,0.0,0.0
2026-06-04T20:00:00,GBPUSD,overlap,0.001865,0.4888,-0.735,-0.012504,-0.003069,0.0547,-183.91,trending_bull,0.4709,neutral,0.6602,False,low_probability,0.5969,0.7844,0.6591,0.52,1.83,3.45,trending_bull,monitoring,False,8.58,37.63,193.46,1,False,False,0.0,0.0,0.0,0.0,0.0
2026-06-04T21:00:00,GBPUSD,ny,0.001417,0.4022,-0.6656,-0.008962,-0.012015,0.2827,-277.75,trending_bear,0.6325,sell,0.6223,True,,0.6167,0.5677,0.402,1.09,2.68,2.45,trending_bear,hibernation,True,24.56,49.38,412.65,4,False,False,0.0,0.0,0.0,0.0,0.0
2026-06-04T22:00:00,GBPUSD,ny,0.003059,0.7867,-0.042,-0.012895,-0.006106,-0.1809,469.75,volatile,0.4571,neutral,0.8083,False,low_probability,0.3259,0.2803,0.6358,1.05,2.86,2.0,volatile,monitoring,False,10.23,54.75,476.74,3,False,False,0.0,0.0,0.0,0.0,0.0
2026-06-04T23:00:00,XAUUSD,overlap,0.004013,0.8819,-0.8617,0.013912,0.017703,0.173,-721.64,ranging,0.5673,sell,0.7281,True,,0.7152,0.537,0.6972,1.22,1.8,2.77,ranging,cooling,False,8.15,65.58,182.97,4,False,False,0.0,0.0,0.0,0.0,0.0
2026-06-05T00:00:00,BTCUSD,asia,0.000637,0.4738,0.3294,-0.013346,0.006761,0.0632,290.06,volatile,0.5718,buy,0.5155,True,,0.7962,0.5493,0.4666,1.62,2.12,3.22,volatile,monitoring,False,6.69,47.6,387.31,4,True,True,-25.9,-2.59,-3.88,0.24,162.94
2026-06-05T01:00:00,EURUSD,asia,0.004178,0.8111,-0.3033,-0.006277,0.017056,0.0211,-303.4,trending_bull,0.4028,neutral,0.7529,False,low_probability,0.3189,0.3003,0.6431,0.67,2.7,3.12,trending_bull,monitoring,False,13.95,63.32,260.42,4,False,False,0.0,0.0,0.0,0.0,0.0
2026-06-05T02:00:00,XAUUSD,ny,0.002846,0.9709,-0.5363,-0.003798,-0.018933,0.1405,-135.73,trending_bull,0.5857,sell,0.874,True,,0.4496,0.5022,0.4644,0.92,2.41,3.49,trending_bull,active,False,11.99,54.16,186.07,1,True,True,11.6,1.16,-0.07,1.01,317.6
2026-06-05T03:00:00,BTCUSD,overlap,0.003099,0.7109,-0.3042,0.013821,0.007042,0.3137,411.98,ranging,0.5473,sell,0.6836,False,low_probability,0.6721,0.3132,0.4716,0.68,1.75,1.85,ranging,cooling,False,6.27,36.2,194.94,1,False,False,0.0,0.0,0.0,0.0,0.0
2026-06-05T04:00:00,USDJPY,london,0.002822,0.6427,-0.7194,-0.007417,-0.00294,-0.4464,-281.92,trending_bull,0.5831,sell,0.4268,True,,0.3839,0.8265,0.5227,1.24,2.42,2.61,trending_bull,monitoring,False,1.24,31.39,381.72,2,True,True,10.6,1.06,-0.36,1.11,284.54
2026-06-05T05:00:00,USDJPY,asia,0.002909,0.4875,0.0862,0.019636,0.002523,0.2568,520.01,volatile,0.3484,neutral,0.9434,False,low_probability,0.1024,0.8301,0.6254,0.95,3.0,2.62,volatile,hibernation,True,21.19,33.91,433.32,4,False,False,0.0,0.0,0.0,0.0,0.0
2026-06-05T06:00:00,XAUUSD,ny,0.004323,0.7272,-0.1437,0.004646,0.017091,0.3135,610.88,low_volatility,0.3127,neutral,0.4827,False,low_probability,0.5388,0.3237,0.6112,0.93,1.53,3.65,low_volatility,active,False,2.03,63.75,208.74,0,False,False,0.0,0.0,0.0,0.0,0.0
2026-06-05T07:00:00,GBPUSD,london,0.003541,0.3929,-0.7075,-0.007116,-0.015147,0.3436,-214.6,trending_bear,0.6062,sell,0.4747,True,,0.4142,0.8168,0.664,0.64,2.03,2.2,trending_bear,hibernation,True,9.58,51.96,293.07,6,False,False,0.0,0.0,0.0,0.0,0.0
2026-06-05T08:00:00,GBPUSD,asia,0.004003,0.5784,0.9363,0.012994,-0.000317,-0.1771,-432.81,low_volatility,0.6979,buy,0.668,True,,0.4853,0.8413,0.4145,0.65,2.57,2.65,low_volatility,active,False,13.94,37.11,230.98,3,True,True,22.2,2.22,-0.43,2.12,101.54
2026-06-05T09:00:00,GBPUSD,asia,0.003311,0.4753,-0.2563,0.016152,-0.020068,-0.1037,-388.98,trending_bear,0.3813,neutral,0.3593,False,low_probability,0.0952,0.2134,0.4234,1.39,2.04,2.61,trending_bear,active,False,10.43,66.77,494.14,3,False,False,0.0,0.0,0.0,0.0,0.0
2026-06-05T10:00:00,XAUUSD,overlap,0.000448,0.5681,0.4615,-0.015903,-0.011199,0.381,-725.74,trending_bear,0.5271,buy,0.7401,False,low_probability,0.0684,0.5633,0.5831,0.75,1.7,2.03,trending_bear,monitoring,False,13.8,57.72,223.98,1,False,False,0.0,0.0,0.0,0.0,0.0
2026-06-05T11:00:00,EURUSD,asia,0.000787,0.3862,0.46,-0.005939,-0.004237,0.2911,-504.43,trending_bull,0.4085,neutral,0.6906,False,low_probability,0.7212,0.2849,0.6824,0.54,2.69,3.69,trending_bull,monitoring,False,7.77,52.93,375.18,2,False,False,0.0,0.0,0.0,0.0,0.0
2026-06-05T12:00:00,EURUSD,london,0.002527,0.3789,-0.0008,0.003757,0.001697,0.4777,973.77,ranging,0.1899,neutral,0.8595,False,low_probability,0.5684,0.3654,0.6049,1.64,2.91,3.43,ranging,active,False,8.81,30.62,111.79,0,False,False,0.0,0.0,0.0,0.0,0.0
2026-06-05T13:00:00,USDJPY,ny,0.003183,0.6507,-0.1691,0.008072,-0.025054,0.0366,232.09,ranging,0.2427,neutral,0.3514,False,low_probability,0.9209,0.9743,0.4466,0.99,2.17,3.41,ranging,active,False,4.65,49.69,476.95,1,False,False,0.0,0.0,0.0,0.0,0.0
2026-06-05T14:00:00,EURUSD,london,0.000523,0.6041,-0.0933,0.004353,-0.011443,0.2417,481.32,trending_bull,0.1911,neutral,0.3892,False,low_probability,0.0114,0.4964,0.504,1.28,2.65,2.15,trending_bull,hibernation,True,21.11,65.15,138.04,3,False,False,0.0,0.0,0.0,0.0,0.0
2026-06-05T15:00:00,GBPUSD,overlap,0.001434,0.3447,0.4246,0.003066,-0.025376,-0.0448,-279.75,volatile,0.5776,buy,0.4085,True,,0.1573,0.9471,0.6022,0.67,2.48,1.51,volatile,active,False,3.67,51.23,194.57,1,True,True,29.0,2.9,-0.48,3.08,351.31
2026-06-05T16:00:00,USDJPY,london,0.001679,0.5914,0.4406,-0.00915,-0.025327,-0.1272,4.08,trending_bull,0.38,neutral,0.8228,False,low_probability,0.9814,0.9541,0.4207,1.2,1.56,3.61,trending_bull,hibernation,True,17.58,50.55,187.62,5,False,False,0.0,0.0,0.0,0.0,0.0
2026-06-05T17:00:00,BTCUSD,london,0.002376,0.7142,-0.0133,0.010905,-0.018275,0.4004,520.96,trending_bear,0.2005,neutral,0.9061,False,low_probability,0.0239,0.5415,0.5908,1.54,1.02,2.34,trending_bear,cooling,False,12.74,62.72,56.45,4,False,False,0.0,0.0,0.0,0.0,0.0
2026-06-05T18:00:00,XAUUSD,overlap,0.002513,0.3419,0.9939,0.008466,-0.024418,0.4213,794.57,low_volatility,0.6715,buy,0.8821,True,,0.4585,0.7904,0.5516,1.46,1.79,2.98,low_volatility,active,False,6.52,73.39,122.2,2,True,True,-5.0,-0.5,-0.54,0.42,176.81
2026-06-05T19:00:00,USDJPY,ny,0.001246,0.9605,-0.7278,0.010806,-0.023462,-0.3943,-100.87,ranging,0.5631,sell,0.6484,True,,0.9646,0.6542,0.4795,0.68,1.32,3.22,ranging,active,False,3.23,68.55,78.42,5,True,True,13.9,1.39,-0.24,1.35,147.08
2026-06-05T20:00:00,XAUUSD,asia,0.00477,0.8982,0.1119,0.002005,-0.024316,-0.3981,587.62,trending_bull,0.1983,neutral,0.8397,False,low_probability,0.9826,0.1307,0.6471,1.06,2.26,3.11,trending_bull,hibernation,True,23.34,33.37,498.59,6,False,False,0.0,0.0,0.0,0.0,0.0
2026-06-05T21:00:00,XAUUSD,asia,0.004539,0.8805,-0.3369,-0.018292,-0.00234,-0.332,147.77,volatile,0.4336,neutral,0.5488,False,low_probability,0.4267,0.3539,0.6725,0.91,1.89,1.87,volatile,monitoring,False,9.71,52.45,441.98,3,False,False,0.0,0.0,0.0,0.0,0.0
2026-06-05T22:00:00,EURUSD,asia,0.001472,0.3961,-0.6011,0.015386,0.001549,0.1308,604.34,trending_bull,0.6873,sell,0.8082,True,,0.3591,0.7423,0.6738,1.25,1.78,1.95,trending_bull,hibernation,True,9.0,31.32,406.29,6,False,False,0.0,0.0,0.0,0.0,0.0
2026-06-05T23:00:00,BTCUSD,ny,0.003861,0.9997,0.948,-0.015995,0.009412,-0.2335,632.57,trending_bull,0.7584,buy,0.9161,True,,0.5757,0.6942,0.6806,1.99,1.35,2.09,trending_bull,hibernation,True,19.96,61.39,457.42,5,False,False,0.0,0.0,0.0,0.0,0.0
2026-06-06T00:00:00,BTCUSD,london,0.002862,0.4318,0.976,0.015265,-0.000466,-0.1909,-19.13,trending_bull,0.5573,buy,0.6911,True,,0.0199,0.6659,0.5842,1.71,1.68,1.94,trending_bull,hibernation,True,21.16,36.65,353.82,7,False,False,0.0,0.0,0.0,0.0,0.0
2026-06-06T01:00:00,GBPUSD,asia,0.001933,0.9593,-0.2088,-0.015959,-0.011894,-0.3635,-684.99,volatile,0.4711,neutral,0.9244,False,low_probability,0.6492,0.1742,0.6906,1.54,2.86,3.47,volatile,monitoring,False,9.98,66.65,192.3,5,False,False,0.0,0.0,0.0,0.0,0.0
2026-06-06T02:00:00,GBPUSD,london,0.000972,0.3013,0.404,0.002913,0.021045,0.2708,134.97,trending_bear,0.4923,neutral,0.8987,False,low_probability,0.9675,0.2209,0.5697,1.91,1.28,3.36,trending_bear,monitoring,False,5.2,44.38,319.91,0,False,False,0.0,0.0,0.0,0.0,0.0
2026-06-06T03:00:00,GBPUSD,overlap,0.000156,0.4468,0.3864,-0.005981,0.017221,0.2204,-903.71,volatile,0.5243,buy,0.9299,False,low_probability,0.8846,0.4931,0.5136,1.32,1.2,2.7,volatile,monitoring,False,2.44,33.32,423.65,2,False,False,0.0,0.0,0.0,0.0,0.0
2026-06-06T04:00:00,EURUSD,ny,0.001381,0.3733,-0.3164,0.015517,-0.020346,-0.425,883.67,trending_bull,0.3779,neutral,0.9404,False,low_probability,0.8932,0.7045,0.5294,1.48,2.21,2.59,trending_bull,active,False,1.52,39.25,99.04,5,False,False,0.0,0.0,0.0,0.0,0.0
2026-06-06T05:00:00,BTCUSD,ny,0.00334,0.5082,-0.8082,-0.004284,0.00298,-0.0091,-890.99,trending_bull,0.6016,sell,0.4915,True,,0.662,0.5998,0.4077,0.76,1.58,1.7,trending_bull,active,False,4.63,47.89,247.1,5,True,True,21.0,2.1,-0.31,1.6,201.65
2026-06-06T06:00:00,XAUUSD,overlap,0.000319,0.6078,-0.4732,0.013483,0.003855,-0.3489,392.94,trending_bull,0.365,neutral,0.5235,False,low_probability,0.5414,0.9707,0.5769,1.33,2.68,3.55,trending_bull,cooling,False,14.48,60.92,468.5,4,False,False,0.0,0.0,0.0,0.0,0.0
2026-06-06T07:00:00,XAUUSD,overlap,0.001566,0.5764,0.7079,-0.018611,0.004273,0.0168,142.97,low_volatility,0.4774,neutral,0.917,False,low_probability,0.449,0.9491,0.4501,0.82,1.39,1.61,low_volatility,active,False,14.82,49.59,498.65,5,False,False,0.0,0.0,0.0,0.0,0.0
2026-06-06T08:00:00,XAUUSD,ny,0.001668,0.809,0.6147,-0.016519,0.003382,0.0521,713.25,low_volatility,0.5333,buy,0.8678,False,low_probability,0.7866,0.6231,0.5568,1.13,1.83,1.87,low_volatility,active,False,13.87,55.32,54.99,2,False,False,0.0,0.0,0.0,0.0,0.0
2026-06-06T09:00:00,BTCUSD,ny,0.004406,0.4849,0.3096,0.002881,-0.001617,-0.3278,-194.05,low_volatility,0.4564,neutral,0.7509,False,low_probability,0.0388,0.8896,0.4994,0.86,2.49,3.8,low_volatility,hibernation,True,22.33,66.78,155.01,8,False,False,0.0,0.0,0.0,0.0,0.0
2026-06-06T10:00:00,EURUSD,london,0.000759,0.982,-0.1138,0.013033,-0.013835,-0.0832,291.11,trending_bear,0.328,neutral,0.8937,False,low_probability,0.4072,0.4845,0.555,1.06,1.11,3.48,trending_bear,active,False,4.67,52.81,72.15,4,False,False,0.0,0.0,0.0,0.0,0.0
2026-06-06T11:00:00,BTCUSD,asia,0.000952,0.9126,-0.5985,-0.017695,-0.028016,-0.4494,-279.25,trending_bear,0.4716,neutral,0.8353,False,low_probability,0.5051,0.6354,0.4372,0.55,1.74,2.99,trending_bear,monitoring,False,14.41,51.36,277.91,2,False,False,0.0,0.0,0.0,0.0,0.0
2026-06-06T12:00:00,XAUUSD,ny,0.003774,0.7822,-0.4299,-0.004537,-0.020226,0.0723,929.84,trending_bear,0.5162,sell,0.7405,False,low_probability,0.2691,0.4095,0.406,1.67,2.54,1.52,trending_bear,monitoring,False,9.71,57.05,9.19,2,False,False,0.0,0.0,0.0,0.0,0.0
2026-06-06T13:00:00,BTCUSD,ny,0.003596,0.7966,-0.4492,0.015819,0.021095,-0.041,-563.58,ranging,0.5328,sell,0.8358,False,low_probability,0.3972,0.1023,0.5535,1.49,2.69,2.44,ranging,hibernation,True,18.89,34.86,36.6,5,False,False,0.0,0.0,0.0,0.0,0.0
2026-06-06T14:00:00,GBPUSD,ny,0.001024,0.6621,-0.5194,-0.017729,0.021439,0.31,-191.8,ranging,0.562,sell,0.7688,True,,0.6554,0.6297,0.5256,1.08,1.07,3.27,ranging,monitoring,False,5.15,62.1,344.73,5,True,True,-5.5,-0.55,-0.7,0.25,410.44
2026-06-06T15:00:00,BTCUSD,london,0.001541,0.6295,0.4818,0.009007,0.003542,0.4126,893.85,ranging,0.5391,buy,0.4445,False,low_probability,0.2233,0.8714,0.5261,1.83,1.74,2.96,ranging,cooling,False,12.77,51.17,433.86,4,False,False,0.0,0.0,0.0,0.0,0.0
2026-06-06T16:00:00,BTCUSD,asia,0.002416,0.4362,-0.7604,0.007228,0.00179,-0.0869,741.7,trending_bear,0.4954,neutral,0.4302,False,low_probability,0.4092,0.5694,0.672,1.19,1.63,3.29,trending_bear,active,False,7.31,58.4,92.53,5,False,False,0.0,0.0,0.0,0.0,0.0
2026-06-06T17:00:00,EURUSD,asia,0.002317,0.4466,0.5471,0.003051,-0.020494,0.2852,559.5,trending_bear,0.5532,buy,0.7118,True,,0.4034,0.6917,0.4113,0.8,1.75,1.54,trending_bear,hibernation,True,18.65,53.9,13.87,4,False,False,0.0,0.0,0.0,0.0,0.0
2026-06-06T18:00:00,XAUUSD,ny,0.001631,0.3719,0.0067,-0.007755,-0.026083,-0.4543,896.93,volatile,0.371,neutral,0.6876,False,low_probability,0.3378,0.888,0.6986,1.01,2.8,2.4,volatile,monitoring,False,2.47,70.81,406.94,0,False,False,0.0,0.0,0.0,0.0,0.0
2026-06-06T19:00:00,XAUUSD,london,0.003667,0.3918,0.4682,0.003588,-0.019861,-0.1334,301.08,trending_bull,0.4498,neutral,0.7162,False,low_probability,0.7712,0.6231,0.5782,0.57,1.22,3.59,trending_bull,active,False,10.35,48.75,193.23,4,False,False,0.0,0.0,0.0,0.0,0.0
2026-06-06T20:00:00,GBPUSD,overlap,0.003543,0.4438,0.3715,-0.019628,-0.004748,-0.399,40.62,low_volatility,0.4803,neutral,0.3892,False,low_probability,0.8307,0.1049,0.6156,0.68,1.23,1.77,low_volatility,monitoring,False,9.14,65.01,416.59,1,False,False,0.0,0.0,0.0,0.0,0.0
2026-06-06T21:00:00,GBPUSD,overlap,0.001549,0.3276,-0.0073,-0.011692,0.025987,-0.1694,-994.52,trending_bull,0.425,neutral,0.8429,False,low_probability,0.669,0.1491,0.427,1.27,2.45,1.75,trending_bull,hibernation,True,15.89,50.55,488.76,3,False,False,0.0,0.0,0.0,0.0,0.0
2026-06-06T22:00:00,XAUUSD,asia,0.00428,0.5522,0.3535,-0.00296,-0.023046,0.3512,780.58,trending_bull,0.547,buy,0.7312,False,low_probability,0.1705,0.3575,0.5313,1.43,2.76,1.73,trending_bull,hibernation,True,22.21,48.03,481.34,8,False,False,0.0,0.0,0.0,0.0,0.0
2026-06-06T23:00:00,USDJPY,overlap,0.003283,0.8578,-0.7739,0.007847,-0.026481,0.4425,-681.21,volatile,0.7329,sell,0.6137,True,,0.5689,0.8057,0.6337,1.42,2.73,3.7,volatile,monitoring,False,7.25,51.97,444.36,3,True,True,11.5,1.15,-0.34,1.14,335.07
2026-06-07T00:00:00,BTCUSD,london,0.004897,0.7689,-0.3234,0.000924,0.012035,-0.4048,323.43,trending_bear,0.4239,neutral,0.7314,False,low_probability,0.6414,0.1487,0.6479,1.84,2.23,1.53,trending_bear,monitoring,False,7.58,51.12,250.44,1,False,False,0.0,0.0,0.0,0.0,0.0
2026-06-07T01:00:00,EURUSD,overlap,0.001673,0.5316,-0.4437,0.000277,0.00303,-0.1214,634.21,trending_bull,0.4652,neutral,0.8208,False,low_probability,0.4481,0.8566,0.5341,0.68,1.99,3.13,trending_bull,active,False,6.05,31.61,276.8,0,False,False,0.0,0.0,0.0,0.0,0.0
2026-06-07T02:00:00,BTCUSD,ny,0.004466,0.6936,0.3092,-0.001752,-0.009549,0.3253,633.18,volatile,0.3733,neutral,0.7988,False,low_probability,0.6,0.7167,0.509,1.18,1.19,3.15,volatile,active,False,5.12,67.34,482.39,2,False,False,0.0,0.0,0.0,0.0,0.0
2026-06-07T03:00:00,BTCUSD,ny,0.003544,0.332,-0.6717,-0.014382,0.013011,0.2216,-786.08,low_volatility,0.4775,neutral,0.3785,False,low_probability,0.8522,0.2156,0.6474,0.79,1.68,3.39,low_volatility,active,False,13.9,67.69,296.46,3,False,False,0.0,0.0,0.0,0.0,0.0
2026-06-07T04:00:00,USDJPY,london,0.004828,0.303,0.4724,0.002129,-0.004031,0.0851,848.74,trending_bear,0.5465,buy,0.4129,False,low_probability,0.8152,0.1036,0.5973,1.41,1.64,3.7,trending_bear,cooling,False,14.69,71.22,382.38,2,False,False,0.0,0.0,0.0,0.0,0.0
2026-06-07T05:00:00,USDJPY,ny,0.00486,0.617,-0.7333,-0.00349,0.012001,0.2484,-402.17,low_volatility,0.7015,sell,0.7627,True,,0.9355,0.6004,0.5873,0.94,1.69,3.18,low_volatility,monitoring,False,7.56,61.24,164.58,0,True,True,-14.8,-1.48,-1.79,0.47,349.56
2026-06-07T06:00:00,BTCUSD,ny,0.004404,0.5957,-0.9745,-0.015741,-0.007148,-0.4469,-886.79,ranging,0.7649,sell,0.4046,True,,0.2866,0.9197,0.6072,0.94,2.51,1.58,ranging,cooling,False,1.54,69.06,371.05,1,True,True,-14.8,-1.48,-1.43,0.39,389.47
2026-06-07T07:00:00,GBPUSD,asia,0.004644,0.5713,0.9134,0.019033,-0.011241,0.0521,-974.07,ranging,0.5763,buy,0.8648,True,,0.8604,0.6128,0.5901,1.56,1.74,2.97,ranging,monitoring,False,11.64,73.39,150.62,1,True,True,-28.0,-2.8,-4.13,0.37,83.71
2026-06-07T08:00:00,EURUSD,overlap,0.001469,0.485,-0.6781,0.013841,-0.029661,-0.0337,874.99,trending_bull,0.4674,neutral,0.5097,False,low_probability,0.0509,0.9324,0.5847,1.49,1.98,2.93,trending_bull,hibernation,True,16.85,61.85,265.07,7,False,False,0.0,0.0,0.0,0.0,0.0
2026-06-07T09:00:00,XAUUSD,overlap,0.002764,0.5824,-0.3012,0.015336,0.0098,-0.1689,-412.85,low_volatility,0.4296,neutral,0.9478,False,low_probability,0.8237,0.9811,0.4026,1.5,1.89,3.76,low_volatility,monitoring,False,14.38,60.71,163.86,0,False,False,0.0,0.0,0.0,0.0,0.0
2026-06-07T10:00:00,USDJPY,ny,0.00275,0.498,0.8227,0.012884,-0.007503,0.3028,-108.89,trending_bull,0.568,buy,0.7235,True,,0.3203,0.548,0.6915,1.66,2.07,3.07,trending_bull,monitoring,False,10.06,64.81,433.15,3,False,False,0.0,0.0,0.0,0.0,0.0
2026-06-07T11:00:00,EURUSD,london,0.002738,0.7919,0.9524,0.011008,0.008794,0.4398,493.78,trending_bear,0.5381,buy,0.766,False,low_probability,0.0379,0.0732,0.4534,0.88,1.14,3.55,trending_bear,hibernation,True,8.29,50.3,205.2,8,False,False,0.0,0.0,0.0,0.0,0.0
2026-06-07T12:00:00,EURUSD,asia,0.003246,0.7328,0.5119,0.003424,0.012053,-0.4274,856.1,trending_bull,0.4417,neutral,0.7458,False,low_probability,0.6066,0.2815,0.678,1.07,2.64,1.58,trending_bull,monitoring,False,8.0,36.14,198.54,4,False,False,0.0,0.0,0.0,0.0,0.0
2026-06-07T13:00:00,GBPUSD,london,0.001562,0.9209,0.9307,0.014686,0.008876,0.4574,-977.7,low_volatility,0.5647,buy,0.3272,True,,0.5727,0.7738,0.4255,0.82,2.48,3.31,low_volatility,monitoring,False,6.19,59.07,258.71,1,True,True,20.4,2.04,-0.37,1.18,331.94
2026-06-07T14:00:00,BTCUSD,asia,0.004276,0.9527,0.9886,-0.001549,0.00298,-0.2093,-865.27,trending_bull,0.6047,buy,0.6774,True,,0.9515,0.8356,0.4704,0.93,1.14,1.98,trending_bull,cooling,False,6.76,57.74,156.31,4,True,True,19.2,1.92,-0.1,2.25,105.89
2026-06-07T15:00:00,GBPUSD,london,0.003954,0.7985,0.2817,-0.008933,-0.008431,0.1796,-336.87,volatile,0.4015,neutral,0.5332,False,low_probability,0.3055,0.5517,0.4527,1.41,2.68,3.65,volatile,monitoring,False,13.37,38.84,368.1,5,False,False,0.0,0.0,0.0,0.0,0.0
2026-06-07T16:00:00,EURUSD,asia,0.004476,0.8947,0.2633,0.012506,0.004734,0.2692,-574.48,trending_bull,0.4208,neutral,0.6533,False,low_probability,0.9987,0.4721,0.6326,1.05,1.45,3.43,trending_bull,hibernation,True,16.54,52.55,49.82,8,False,False,0.0,0.0,0.0,0.0,0.0
2026-06-07T17:00:00,XAUUSD,london,0.003814,0.3983,-0.6816,0.002654,0.003949,0.3722,-707.6,volatile,0.7044,sell,0.3263,True,,0.7615,0.6322,0.4702,1.5,2.04,3.48,volatile,cooling,False,7.05,50.46,27.99,5,True,True,22.6,2.26,-0.24,2.44,405.69
2026-06-07T18:00:00,GBPUSD,london,0.001948,0.565,0.1754,0.015929,-0.02533,-0.2484,945.35,trending_bear,0.3751,neutral,0.5294,False,low_probability,0.8677,0.4869,0.5446,1.41,2.0,1.85,trending_bear,monitoring,False,3.45,53.15,144.0,1,False,False,0.0,0.0,0.0,0.0,0.0
2026-06-07T19:00:00,XAUUSD,london,0.001877,0.8021,-0.7633,-0.010786,0.01867,0.2203,-36.97,volatile,0.599,sell,0.684,True,,0.6473,0.6218,0.4384,1.39,1.27,2.78,volatile,monitoring,False,0.84,41.62,94.12,3,True,True,-14.8,-1.48,-1.2,0.36,327.79
2026-06-07T20:00:00,GBPUSD,asia,0.001162,0.7246,-0.0572,-0.000733,-0.016838,-0.0892,-714.58,low_volatility,0.419,neutral,0.4182,False,low_probability,0.6596,0.2645,0.6173,1.01,1.91,2.98,low_volatility,monitoring,False,5.67,35.95,13.2,4,False,False,0.0,0.0,0.0,0.0,0.0
2026-06-07T21:00:00,BTCUSD,overlap,0.004154,0.7239,-0.6452,0.016064,0.005989,0.3778,62.86,trending_bull,0.436,neutral,0.7286,False,low_probability,0.902,0.5393,0.4004,1.91,2.36,2.58,trending_bull,cooling,False,5.56,31.95,267.26,1,False,False,0.0,0.0,0.0,0.0,0.0
2026-06-07T22:00:00,USDJPY,overlap,0.001819,0.8632,0.8157,0.013488,0.004567,-0.0745,-490.96,trending_bear,0.7493,buy,0.3545,True,,0.5983,0.6289,0.4016,1.62,1.01,2.81,trending_bear,active,False,5.63,39.24,403.12,3,True,True,8.9,0.89,-0.17,0.6,414.74
2026-06-07T23:00:00,USDJPY,ny,0.003101,0.9943,-0.2051,-0.011852,0.003126,0.0576,-642.56,low_volatility,0.3985,neutral,0.465,False,low_probability,0.3067,0.3444,0.6116,1.6,2.71,3.15,low_volatility,monitoring,False,6.7,61.47,85.09,1,False,False,0.0,0.0,0.0,0.0,0.0
2026-06-09T08:14:42.352470+00:00,EURUSD,unknown,0.0,0.5,0.0,0.0,0.0,0.0,0.0,GOLDEN_STATE,0.65,neutral,0.0,False,,0.0,0.0,0.5,0.01,1.5,2.0,GOLDEN_STATE,active,False,0.0,50.0,0.0,0,False,False,45.0,0.0,0.0,0.0,0.0
2026-06-09T08:14:42.353472+00:00,EURUSD,unknown,0.0,0.5,0.0,0.0,0.0,0.0,0.0,GOLDEN_STATE,0.65,neutral,0.0,False,,0.0,0.0,0.5,0.01,1.5,2.0,GOLDEN_STATE,active,False,0.0,50.0,0.0,0,False,False,30.0,0.0,0.0,0.0,0.0
2026-06-09T08:14:42.354471+00:00,EURUSD,unknown,0.0,0.5,0.0,0.0,0.0,0.0,0.0,FAVORABLE,0.65,neutral,0.0,False,,0.0,0.0,0.5,0.01,1.5,2.0,FAVORABLE,active,False,0.0,50.0,0.0,0,False,False,20.0,0.0,0.0,0.0,0.0
2026-06-09T08:14:42.355975+00:00,EURUSD,unknown,0.0,0.5,0.0,0.0,0.0,0.0,0.0,FAVORABLE,0.65,neutral,0.0,False,,0.0,0.0,0.5,0.01,1.5,2.0,FAVORABLE,active,False,0.0,50.0,0.0,0,False,False,15.0,0.0,0.0,0.0,0.0
2026-06-09T08:14:42.356981+00:00,EURUSD,unknown,0.0,0.5,0.0,0.0,0.0,0.0,0.0,FAVORABLE,0.65,neutral,0.0,False,,0.0,0.0,0.5,0.01,1.5,2.0,FAVORABLE,active,False,0.0,50.0,0.0,0,False,False,10.0,0.0,0.0,0.0,0.0
2026-06-09T08:14:42.357981+00:00,EURUSD,unknown,0.0,0.5,0.0,0.0,0.0,0.0,0.0,NORMAL,0.65,neutral,0.0,False,,0.0,0.0,0.5,0.01,1.5,2.0,NORMAL,active,False,0.0,50.0,0.0,0,False,False,-5.0,0.0,0.0,0.0,0.0
2026-06-09T08:14:42.358981+00:00,EURUSD,unknown,0.0,0.5,0.0,0.0,0.0,0.0,0.0,NORMAL,0.65,neutral,0.0,False,,0.0,0.0,0.5,0.01,1.5,2.0,NORMAL,active,False,0.0,50.0,0.0,0,False,False,-8.0,0.0,0.0,0.0,0.0
2026-06-09T08:14:42.359981+00:00,EURUSD,unknown,0.0,0.5,0.0,0.0,0.0,0.0,0.0,NORMAL,0.65,neutral,0.0,False,,0.0,0.0,0.5,0.01,1.5,2.0,NORMAL,active,False,0.0,50.0,0.0,0,False,False,-3.0,0.0,0.0,0.0,0.0
2026-06-09T08:14:42.360981+00:00,EURUSD,unknown,0.0,0.5,0.0,0.0,0.0,0.0,0.0,TOXICO,0.65,neutral,0.0,False,,0.0,0.0,0.5,0.01,1.5,2.0,TOXICO,active,False,0.0,50.0,0.0,0,False,False,-15.0,0.0,0.0,0.0,0.0
2026-06-09T08:14:42.361980+00:00,EURUSD,unknown,0.0,0.5,0.0,0.0,0.0,0.0,0.0,TOXICO,0.65,neutral,0.0,False,,0.0,0.0,0.5,0.01,1.5,2.0,TOXICO,active,False,0.0,50.0,0.0,0,False,False,-10.0,0.0,0.0,0.0,0.0
2026-06-09T08:14:42.362981+00:00,EURUSD,unknown,0.0,0.5,0.0,0.0,0.0,0.0,0.0,TOXICO,0.65,neutral,0.0,False,,0.0,0.0,0.5,0.01,1.5,2.0,TOXICO,active,False,0.0,50.0,0.0,0,False,False,-25.0,0.0,0.0,0.0,0.0
2026-06-09T08:14:42.363981+00:00,EURUSD,unknown,0.0,0.5,0.0,0.0,0.0,0.0,0.0,TOXICO,0.65,neutral,0.0,False,,0.0,0.0,0.5,0.01,1.5,2.0,TOXICO,active,False,0.0,50.0,0.0,0,False,False,-18.0,0.0,0.0,0.0,0.0
2026-06-09T08:21:14.604346+00:00,EURUSD,unknown,0.0,0.5,0.0,0.0,0.0,0.0,0.0,GOLDEN_STATE,0.65,neutral,0.0,False,,0.0,0.0,0.5,0.01,1.5,2.0,GOLDEN_STATE,active,False,0.0,50.0,0.0,0,False,False,45.0,3.5,0.0,0.0,0.0
2026-06-09T08:21:14.605347+00:00,EURUSD,unknown,0.0,0.5,0.0,0.0,0.0,0.0,0.0,GOLDEN_STATE,0.65,neutral,0.0,False,,0.0,0.0,0.5,0.01,1.5,2.0,GOLDEN_STATE,active,False,0.0,50.0,0.0,0,False,False,-12.0,-0.8,0.0,0.0,0.0
2026-06-09T08:21:14.606347+00:00,EURUSD,unknown,0.0,0.5,0.0,0.0,0.0,0.0,0.0,GOLDEN_STATE,0.65,neutral,0.0,False,,0.0,0.0,0.5,0.01,1.5,2.0,GOLDEN_STATE,active,False,0.0,50.0,0.0,0,False,False,45.0,3.5,0.0,0.0,0.0
2026-06-09T08:21:14.607347+00:00,EURUSD,unknown,0.0,0.5,0.0,0.0,0.0,0.0,0.0,FAVORABLE,0.65,neutral,0.0,False,,0.0,0.0,0.5,0.01,1.5,2.0,FAVORABLE,active,False,0.0,50.0,0.0,0,False,False,30.0,2.2,0.0,0.0,0.0
2026-06-09T08:21:14.608347+00:00,EURUSD,unknown,0.0,0.5,0.0,0.0,0.0,0.0,0.0,FAVORABLE,0.65,neutral,0.0,False,,0.0,0.0,0.5,0.01,1.5,2.0,FAVORABLE,active,False,0.0,50.0,0.0,0,False,False,-8.0,-0.5,0.0,0.0,0.0
2026-06-09T08:21:14.609346+00:00,EURUSD,unknown,0.0,0.5,0.0,0.0,0.0,0.0,0.0,FAVORABLE,0.65,neutral,0.0,False,,0.0,0.0,0.5,0.01,1.5,2.0,FAVORABLE,active,False,0.0,50.0,0.0,0,False,False,30.0,2.2,0.0,0.0,0.0
2026-06-09T08:21:14.610346+00:00,EURUSD,unknown,0.0,0.5,0.0,0.0,0.0,0.0,0.0,FAVORABLE,0.65,neutral,0.0,False,,0.0,0.0,0.5,0.01,1.5,2.0,FAVORABLE,active,False,0.0,50.0,0.0,0,False,False,-8.0,-0.5,0.0,0.0,0.0
2026-06-09T08:21:14.611347+00:00,EURUSD,unknown,0.0,0.5,0.0,0.0,0.0,0.0,0.0,NORMAL,0.65,neutral,0.0,False,,0.0,0.0,0.5,0.01,1.5,2.0,NORMAL,active,False,0.0,50.0,0.0,0,False,False,10.0,0.8,0.0,0.0,0.0
2026-06-09T08:21:14.612347+00:00,EURUSD,unknown,0.0,0.5,0.0,0.0,0.0,0.0,0.0,NORMAL,0.65,neutral,0.0,False,,0.0,0.0,0.5,0.01,1.5,2.0,NORMAL,active,False,0.0,50.0,0.0,0,False,False,-5.0,-0.3,0.0,0.0,0.0
2026-06-09T08:21:14.614352+00:00,EURUSD,unknown,0.0,0.5,0.0,0.0,0.0,0.0,0.0,NORMAL,0.65,neutral,0.0,False,,0.0,0.0,0.5,0.01,1.5,2.0,NORMAL,active,False,0.0,50.0,0.0,0,False,False,10.0,0.8,0.0,0.0,0.0
2026-06-09T08:21:14.615356+00:00,EURUSD,unknown,0.0,0.5,0.0,0.0,0.0,0.0,0.0,NORMAL,0.65,neutral,0.0,False,,0.0,0.0,0.5,0.01,1.5,2.0,NORMAL,active,False,0.0,50.0,0.0,0,False,False,-5.0,-0.3,0.0,0.0,0.0
